{
"0": [ 12645.000000 , 42973.33330 ],
"1": [ 11003.611100 , 42102.500000 ],
"2": [ 11108.611100 , 42373.888900 ],
"3": [ 11133.333300 , 42885.833300 ],
"4": [ 11155.833300 , 42712.500000 ],
"5": [ 11183.333300 , 42933.333300 ],
"6": [ 11297.500000 , 42853.333300 ],
"7": [ 11310.277800 , 42929.444400 ],
"8": [ 11416.666700 , 42983.333300 ],
"9": [ 11423.888900 , 43000.277800 ],
"10": [ 11438.333300 , 42057.22220 ],
"11": [ 11461.111100 , 43252.77780 ],
"12": [ 11485.555600 , 43187.22220 ],
"13": [ 11503.055600 , 42855.27780 ],
"14": [ 11511.388900 , 42106.38890 ],
"15": [ 11522.222200 , 42841.94440 ],
"16": [ 11569.444400 , 43136.66670 ],
"17": [ 11583.333300 , 43150.00000 ],
"18": [ 11595.000000 , 43148.05560 ],
"19": [ 11600.000000 , 43150.00000 ],
"20": [ 11690.555600 , 42686.66670 ],
"21": [ 11715.833300 , 41836.11110 ],
"22": [ 11751.111100 , 42814.44440 ],
"23": [ 11770.277800 , 42651.94440 ],
"24": [ 11785.277800 , 42884.44440 ],
"25": [ 11822.777800 , 42673.61110 ],
"26": [ 11846.944400 , 42660.55560 ],
"27": [ 11963.055600 , 43290.55560 ],
"28": [ 11973.055600 , 43026.11110 ],
"29": [ 12058.333300 , 42195.55560 ],
"30": [ 12149.444400 , 42477.50000 ],
"31": [ 12286.944400 , 43355.55560 ],
"32": [ 12300.000000 , 42433.33330 ],
"33": [ 12355.833300 , 43156.38890 ],
"34": [ 12363.333300 , 43189.16670 ],
"35": [ 12372.777800 , 42711.38890 ],
"36": [ 12386.666700 , 43334.72220 ],
"37": [ 12421.666700 , 42895.55560 ]
}